logtime,scenario_time,type,module,address,value
10.0,10.0,performance,sysmon,signal_detection,HIT
10.1,10.1,performance,sysmon,response_time,650
30.0,30.0,performance,sysmon,signal_detection,HIT
60.0,60.0,performance,sysmon,signal_detection,MISS
90.0,90.0,performance,genericscales,Workload,2
900.0,900.0,performance,genericscales,Mental demand,3
900.0,900.0,performance,genericscales,Physical demand,1
900.0,900.0,performance,genericscales,Time pressure,2
900.0,900.0,performance,genericscales,Performance,3
900.0,900.0,performance,genericscales,Effort,2
900.0,900.0,performance,genericscales,Frustration,1
