"diapositiva","inicio_segundos","fin_segundos","duracion_segundos","palabras_orales","ritmo_necesario_palabras_min","metodo"
"1","0","0","0","0","0","conteo de texto; estimación, no ensayo oral humano"
"2","0","20","20","38","114","conteo de texto; estimación, no ensayo oral humano"
"3","20","30","10","20","120","conteo de texto; estimación, no ensayo oral humano"
"4","30","80","50","99","118,8","conteo de texto; estimación, no ensayo oral humano"
"5","80","130","50","102","122,4","conteo de texto; estimación, no ensayo oral humano"
"6","130","205","75","126","100,8","conteo de texto; estimación, no ensayo oral humano"
"7","205","265","60","104","104","conteo de texto; estimación, no ensayo oral humano"
"8","265","325","60","105","105","conteo de texto; estimación, no ensayo oral humano"
"9","325","395","70","113","96,9","conteo de texto; estimación, no ensayo oral humano"
"10","395","470","75","122","97,6","conteo de texto; estimación, no ensayo oral humano"
"11","470","535","65","121","111,7","conteo de texto; estimación, no ensayo oral humano"
"12","535","595","60","115","115","conteo de texto; estimación, no ensayo oral humano"
"13","595","670","75","130","104","conteo de texto; estimación, no ensayo oral humano"
"14","670","680","10","19","114","conteo de texto; estimación, no ensayo oral humano"
"15","680","690","10","15","90","conteo de texto; estimación, no ensayo oral humano"
"16","690","690","0","0","0","conteo de texto; estimación, no ensayo oral humano"
