diapositiva,titulo,plantilla_base,segundos,recurso,fuente
1,III CEINNA,1,0,Texto y formas editables,Plantilla original
2,Carga mental y desempeño multitarea en ASTRA,2,20,Texto y formas editables,"Matriz de afirmaciones, notas y bibliografía por lámina"
3,Contenido,3,10,Texto y formas editables,"Matriz de afirmaciones, notas y bibliografía por lámina"
4,Pregunta de investigación,4,50,Texto y formas editables,"Matriz de afirmaciones, notas y bibliografía por lámina"
5,ASTRA: contexto del estudio,4,50,Ilustración conceptual imagegen,"Matriz de afirmaciones, notas y bibliografía por lámina"
6,Ocho visitas por participante,4,75,Texto y formas editables,"Matriz de afirmaciones, notas y bibliografía por lámina"
7,Cuatro tareas simultáneas,4,60,Captura documental OpenMATB,"Matriz de afirmaciones, notas y bibliografía por lámina"
8,Estructura de una visita,4,60,Texto y formas editables,"Matriz de afirmaciones, notas y bibliografía por lámina"
9,Del escenario al análisis,4,70,Texto y formas editables,"Matriz de afirmaciones, notas y bibliografía por lámina"
10,Resultados de desarrollo,5,75,Texto y formas editables,"Matriz de afirmaciones, notas y bibliografía por lámina"
11,Análisis de medidas repetidas,4,65,Texto y formas editables,"Matriz de afirmaciones, notas y bibliografía por lámina"
12,Alcance e interpretación,4,60,Texto y formas editables,"Matriz de afirmaciones, notas y bibliografía por lámina"
13,Conclusiones y recomendaciones,6,75,Texto y formas editables,"Matriz de afirmaciones, notas y bibliografía por lámina"
14,Bibliografía I,7,10,Texto y formas editables,"Matriz de afirmaciones, notas y bibliografía por lámina"
15,Bibliografía II,7,10,Texto y formas editables,"Matriz de afirmaciones, notas y bibliografía por lámina"
16,Cierre institucional,8,0,Texto y formas editables,Plantilla original
