mision,hito,referencia,fecha_prevista,hora_prevista,estado,fuente
ASTRA1,V0,D−6,2026-09-29,segun_rotacion_basal,previsto,"M L109; C L68–82"
ASTRA1,Seleccion,elegibilidad,2026-10-01,14:00–16:00,previsto,"C L64"
ASTRA1,Ensayo,entrenamiento,2026-10-03,08:00–20:00,previsto,"M L283"
ASTRA1,Ingreso,DM1,2026-10-05,10:00,previsto,"M L113; C L210–216"
ASTRA1,V1,DM2,2026-10-06,08:30/10:15/14:00,previsto,"C L223–235"
ASTRA1,V2,DM4,2026-10-08,08:30/10:15/14:00,previsto,"C L251–263"
ASTRA1,EVA1,DM6,2026-10-10,09:30–12:00,previsto,"C L277–288"
ASTRA1,V3,DM7,2026-10-11,08:30/10:15/14:00,previsto,"C L290–306"
ASTRA1,CEINNA_dia1,DM9,2026-10-13,horario_ponencia_no_proporcionado,coincidencia_calculada,"C L319–329; indicaciones CEINNA"
ASTRA1,V4_y_CEINNA_dia2,DM10,2026-10-14,08:30/10:15/14:00,previsto,"C L331–343; indicaciones CEINNA"
ASTRA1,EVA2,DM12,2026-10-16,09:30–12:00,previsto,"C L359–370"
ASTRA1,V5,DM13,2026-10-17,08:30/10:15/14:00,previsto,"C L372–384"
ASTRA1,V6,DM15,2026-10-19,08:30/10:15/14:00,previsto,"C L399–424"
ASTRA1,Egreso,DM15,2026-10-19,20:00–20:30,previsto,"C L416"
ASTRA1,V7,D+1,2026-10-20,agenda_DIMAE,previsto,"C L442–447"
ASTRA2,V0,D−23,2026-09-28,segun_rotacion_basal,previsto,"M L109; C L68–82"
ASTRA2,Seleccion,elegibilidad,2026-10-01,14:00–16:00,previsto,"C L64"
ASTRA2,Ensayo,entrenamiento,2026-10-04,08:00–20:00,previsto,"M L283"
ASTRA2,CEINNA_dia1,premision,2026-10-13,horario_ponencia_no_proporcionado,coincidencia_calculada,"C L47; indicaciones CEINNA"
ASTRA2,CEINNA_dia2,premision,2026-10-14,horario_ponencia_no_proporcionado,coincidencia_calculada,"C L47; indicaciones CEINNA"
ASTRA2,Ingreso,DM1,2026-10-21,10:00,previsto,"M L113; C L210–216"
ASTRA2,V1,DM2,2026-10-22,08:30/10:15/14:00,previsto,"C L223–235"
ASTRA2,V2,DM4,2026-10-24,08:30/10:15/14:00,previsto,"C L251–263"
ASTRA2,EVA1,DM6,2026-10-26,09:30–12:00,previsto,"C L277–288"
ASTRA2,V3,DM7,2026-10-27,08:30/10:15/14:00,previsto,"C L290–306"
ASTRA2,V4,DM10,2026-10-30,08:30/10:15/14:00,previsto,"C L331–343"
ASTRA2,EVA2,DM12,2026-11-01,09:30–12:00,previsto,"C L359–370"
ASTRA2,V5,DM13,2026-11-02,08:30/10:15/14:00,previsto,"C L372–384"
ASTRA2,V6,DM15,2026-11-04,08:30/10:15/14:00,previsto,"C L399–424"
ASTRA2,Egreso,DM15,2026-11-04,20:00–20:30,previsto,"C L416"
ASTRA2,V7,D+1,2026-11-05,agenda_DIMAE,previsto,"C L443–447"
