id,prioridad,asunto,fuente_y_localizador,discrepancia,decision_para_presentacion,responsable_conciliacion
A1-01,alta,Calendario vigente vs historial,"M L1110; L1343; L3012; C L117","Historial v2.1 conserva D−3/DM1/D+2 y 55–67 min; cuerpo vigente usa D−6 o D−23/DM2/D+1 y 90 min","Usar ocho visitas vigentes; historial solo como procedencia",A0
A1-02,alta,Temporización,"M L1127; L1160; L1345–1360","Expresión 15 min exactos coexiste con sondas que pausan software y tiempo de reloj mayor","900 s de escenario por bloque; 45 min programados y reserva 90 min; tiempo real registrado",A0/A2
A1-03,alta,Escalas y unidades,"M L1191–1203; L1223","Manual presenta TRACK en píxeles y NASA-TLX 0–10; verificar contrato y transformación vigentes","Usar unidades y RTLX documentados por auditoría A2; no trasladar cifras del manual automáticamente",A2/A3
A1-04,alta,Automatización por condición,"M L1155–1156; L1246","Manual asocia demanda con MANUAL/ADVISORY/FORCED_HANDOFF y fiabilidad; comprobar si son ejecución o metadatos","Presentar parámetros efectivos de las cuatro tareas demostrados en código",A2
A1-05,alta,Ajuste automático y completitud,"M L1338; L1409–1410","Ingesta de tres niveles y celdas verdes se describe como ajuste DEPDF; falta confrontar elegibilidad y ruta de evidencia actual","Distinguir adquisición; completitud; calidad y elegibilidad; exponer solo flujo verificado",A2
A1-06,alta,Identidad y contrabalanceo,"M L1104; L1114; L1386","Orden derivado del sufijo puede cambiar al pasar Cxx a A1/A2-Pxx; cuerpo exige conservar orden explícito","Describir conservación de identidad y orden basal; verificar soporte y registrar desbalance tras selección",A2
A1-07,alta,Estado temporal,"M L513–525; L1550; C L38–52","Narración en pretérito de EVA y simulaciones coexiste con misión futura","Usar previsto/programado para ASTRA; resultados de desarrollo como evidencia presente",A0
A1-08,alta,Corte CEINNA,"M L560–576; C L321–341","CEINNA coincide con DM9–DM10 A1; A2 aún en premisión","No presentar misiones completas; V4 del 14oct depende de hora real y revisión de datos",A0
A1-09,media,Capacidad de estaciones,"M L1366; C L82; L133; L447","Dos estaciones y operadores son requisito de planificación; no prueba de equipos desplegados","El diseño distribuye seis sesiones en dos puestos y tres tandas; no afirmar despliegue comprobado",A0
A1-10,media,Readiness y basal único,"M L683–685; L1416","Regla por percentil 25 contradice restricción de percentiles habituales desde basal único","Hablar de decisiones humanas y condiciones observadas; excluir regla percentilar del guion",A0
A1-11,media,Sueño previo y basal,"M L1219; C L68–70","Menciona noche 27 para V0 aunque A1 cambió a 29sep; grupos pasivos no equivalen a misiones","Anotar noche real y fuente por persona; no asumir actigrafía de noche inmediatamente previa a cada V0",A0
A1-12,media,Población y capacidad,"M L130; L164; L1103; L2994; C L68","Algunas frases usan n=12 afirmativo y roles de vuelo; marco establece máximo sujeto a elegibilidad y ampliación militar","Hasta 12 participantes previstos; seis por misión; tripulación militar",A0
A1-13,media,Duración del confinamiento,"M L485; L866–868; C L489–490","15 días se usa junto a 24h/d; calendario son 15 fechas inclusivas y 14 noches","15 jornadas inclusivas; registrar horas reales; no afirmar 360 h observadas",A0
A1-14,media,Consola fisiológica externa,"M §§4.1.1 y 4.7.6.1","Capacidades de strikerdlm/HRV no equivalen a capacidades de este repositorio MATB","Mantener fisiología como canal contextual externo; verificar interfaz si se hace afirmación técnica",A2
A1-15,media,Alcance sUAS,"M L1448; C L118; L463","Manual equipara modalidad UAS con MATB central en una frase; calendario diferencia ensayos sintéticos","Cuatro tareas OpenMATB como protocolo central; sUAS como actividad sintética separada",A2
A1-16,media,Predicción y umbrales,"M L1044–1048; L1258–1261","Objetivos de validación predictiva o umbrales exceden evidencia actual y muestra prevista","Trayectorias; asociaciones exploratorias y efectos con incertidumbre; no resultados predictivos anticipados",A0/A3
A1-17,baja,Egreso y postmisión,"M L600–605; C L440–449","V7 D+1 concentra otras evaluaciones; franjas no son citaciones confirmadas","Mostrar fecha prevista; conservar 90 min individuales y hora real",A0
